{"is_source_file": true, "format": "bash script", "description": "A shell script for automated backup of various types of databases (SQLite, PostgreSQL, MySQL, MongoDB). It detects the running database and creates appropriate backups, supporting multiple database systems and connection methods.", "external_files": ["/usr/lib/postgresql/*/bin/pg_isready", "/var/run/mysqld/mysqld.sock"], "external_methods": ["cp", "ls", "sudo", "mysqladmin", "mysql", "mysqldump", "mongosh", "mongodump"], "published": [], "classes": [], "methods": [], "calls": ["cp", "ls", "sudo", "mysqladmin ping", "mysql -h localhost -P ${DB_PORT} -u ${DB_USER} -p${DB_PASSWORD} -e \"SELECT 1\"", "mysqldump -h localhost -P ${DB_PORT} -u ${DB_USER} -p${DB_PASSWORD} --databases ${DB_NAME} --add-drop-database --routines --triggers --single-transaction", "mongosh --port ${DB_PORT} --eval \"db.adminCommand('ping')\"", "mongodump --port ${DB_PORT} --db ${DB_NAME} --archive=database_backup.archive --quiet"], "search-terms": ["backup_db.sh", "bash database backup", "SQLite backup", "PostgreSQL backup", "MySQL backup", "MongoDB backup", "database detection script", "database system detection"], "state": 2, "file_id": 2, "knowledge_revision": 11, "git_revision": "c11bd936d6367c286a78e372fb1136c9bd82f397", "hash": "7af9aa35fa4940f934d83f6e2621b732", "format-version": 4, "code-base-name": "database", "filename": "database/backup_db.sh", "revision_history": [{"11": "c11bd936d6367c286a78e372fb1136c9bd82f397"}]}