{"is_source_file": true, "format": "HTML", "description": "This is the main HTML file for a database visualization web interface, including embedded CSS styles and JavaScript code for dynamic behavior, such as fetching database list, tables, and data, and rendering tables with expandable cells.", "external_files": [], "external_methods": ["fetch", "JSON.stringify", "JSON.parse"], "published": [], "classes": [], "methods": [{"name": "loadDatabases", "description": "Fetches the list of databases and populates the sidebar."}, {"name": "refreshDatabases", "description": "Refreshes the database list and resets the UI."}, {"name": "toggleDatabase", "description": "Expands/collapses a database to show/hide tables."}, {"name": "loadTables", "description": "Loads and displays tables for a selected database."}, {"name": "loadTableData", "description": "Fetches and displays data for a selected table."}, {"name": "renderTable", "description": "Renders the data table with expandable cells."}, {"name": "renderCell", "description": "Renders individual cell content, handling objects and long text."}, {"name": "expandCell", "description": "Expands or collapses cell content for wide or complex data."}], "calls": ["fetch", "JSON.stringify", "JSON.parse"], "search-terms": ["HTML database viewer", "embedded JavaScript", "dynamic table rendering", "expandable cells", "AJAX fetch", "database list UI", "table data display"], "state": 2, "file_id": 4, "knowledge_revision": 12, "git_revision": "c11bd936d6367c286a78e372fb1136c9bd82f397", "hash": "ee63333a4841bf025439c755a74c9881", "format-version": 4, "code-base-name": "database", "filename": "database/db_visualizer/public/index.html", "revision_history": [{"12": "c11bd936d6367c286a78e372fb1136c9bd82f397"}]}