{"is_source_file": true, "format": "bash", "description": "This is a shell script for initializing and starting a PostgreSQL database server. It includes functionality to check if PostgreSQL is already running, initialize the data directory if needed, start PostgreSQL in the background, create a database and user, set up permissions and default privileges, and save connection details to files.", "external_files": ["/usr/lib/postgresql/", "/var/lib/postgresql/data", "db_visualizer/postgres.env", "db_connection.txt"], "external_methods": ["ls", "sleep", "pgrep", "sudo", "cat"], "published": [], "classes": [], "methods": [], "calls": ["ls", "head", "/usr/lib/postgresql/${PG_VERSION}/bin/pg_isready", "/usr/lib/postgresql/${PG_VERSION}/bin/psql", "/usr/lib/postgresql/${PG_VERSION}/bin/initdb", "/usr/lib/postgresql/${PG_VERSION}/bin/postgres", "/usr/lib/postgresql/${PG_VERSION}/bin/createdb", "cat", "echo", "sleep", "pgrep"], "search-terms": ["startup", "postgresql", "bash script", "database initialization", "permission setup"], "state": 2, "file_id": 6, "knowledge_revision": 14, "git_revision": "c11bd936d6367c286a78e372fb1136c9bd82f397", "hash": "fa2aa67ea0a7c72f7c0958282f15a864", "format-version": 4, "code-base-name": "database", "filename": "database/startup.sh", "revision_history": [{"14": "c11bd936d6367c286a78e372fb1136c9bd82f397"}]}