{"is_source_file": true, "format": "bash", "description": "A shell script that automates the restoration of various types of databases (SQLite, PostgreSQL, MySQL, MongoDB) from backup files, with environment-specific detection and fallback mechanisms.", "external_files": ["database_backup.db", "database_backup.sql", "database_backup.archive"], "external_methods": ["ls", "cp", "sudo -u postgres pg_isready", "psql", "mysqladmin ping", "mysql", "mongosh", "mongorestore"], "published": [], "classes": [], "methods": [], "calls": ["ls /usr/lib/postgresql/", "sudo -u postgres pg_isready -p ${DB_PORT}", "psql -h localhost -p ${DB_PORT} -U ${DB_USER} -d postgres < database_backup.sql", "mysqladmin ping -h localhost -P ${DB_PORT} --silent", "mysql -h localhost -P ${DB_PORT} -u ${DB_USER} -p${DB_PASSWORD} -e \"SELECT 1\"", "mysql -h localhost -P ${DB_PORT} -u root -p${DB_PASSWORD} -e \"SELECT 1\"", "sudo mysql --socket=/var/run/mysqld/mysqld.sock -u root -p${DB_PASSWORD} -e \"SELECT 1\"", "mongosh --port ${DB_PORT} --eval \"db.adminCommand('ping')\"", "mongorestore --port ${DB_PORT} --archive=database_backup.archive --drop --quiet"], "search-terms": ["restore_db.sh", "database restore script", "database_backup.sql", "backup detection", "multi-database restore", "SQLite", "PostgreSQL", "MySQL", "MongoDB", "database restoration"], "state": 2, "file_id": 1, "knowledge_revision": 13, "git_revision": "c11bd936d6367c286a78e372fb1136c9bd82f397", "hash": "67505395c0df4c9c001ab8f47571f3fb", "format-version": 4, "code-base-name": "database", "filename": "database/restore_db.sh", "revision_history": [{"13": "c11bd936d6367c286a78e372fb1136c9bd82f397"}]}